"filename", "language", "TypeScript", "JSON", "WebAssembly Text Format", "JSON with Comments", "comment", "blank", "total"
"/Users/neilluo/workspaces/AI/ai-agent/gemini-cli/packages/core/index.ts", "TypeScript", 48, 0, 0, 0, 5, 3, 56
"/Users/neilluo/workspaces/AI/ai-agent/gemini-cli/packages/core/package.json", "JSON", 0, 96, 0, 0, 0, 1, 97
"/Users/neilluo/workspaces/AI/ai-agent/gemini-cli/packages/core/src/__mocks__/fs/promises.ts", "TypeScript", 35, 0, 0, 0, 8, 6, 49
"/Users/neilluo/workspaces/AI/ai-agent/gemini-cli/packages/core/src/agents/codebase-investigator.test.ts", "TypeScript", 40, 0, 0, 0, 5, 4, 49
"/Users/neilluo/workspaces/AI/ai-agent/gemini-cli/packages/core/src/agents/codebase-investigator.ts", "TypeScript", 132, 0, 0, 0, 12, 10, 154
"/Users/neilluo/workspaces/AI/ai-agent/gemini-cli/packages/core/src/agents/executor.test.ts", "TypeScript", 1580, 0, 0, 0, 112, 238, 1930
"/Users/neilluo/workspaces/AI/ai-agent/gemini-cli/packages/core/src/agents/executor.ts", "TypeScript", 827, 0, 0, 0, 145, 108, 1080
"/Users/neilluo/workspaces/AI/ai-agent/gemini-cli/packages/core/src/agents/invocation.test.ts", "TypeScript", 251, 0, 0, 0, 17, 41, 309
"/Users/neilluo/workspaces/AI/ai-agent/gemini-cli/packages/core/src/agents/invocation.ts", "TypeScript", 86, 0, 0, 0, 35, 17, 138
"/Users/neilluo/workspaces/AI/ai-agent/gemini-cli/packages/core/src/agents/registry.test.ts", "TypeScript", 170, 0, 0, 0, 15, 37, 222
"/Users/neilluo/workspaces/AI/ai-agent/gemini-cli/packages/core/src/agents/registry.ts", "TypeScript", 88, 0, 0, 0, 31, 17, 136
"/Users/neilluo/workspaces/AI/ai-agent/gemini-cli/packages/core/src/agents/schema-utils.test.ts", "TypeScript", 139, 0, 0, 0, 8, 19, 166
"/Users/neilluo/workspaces/AI/ai-agent/gemini-cli/packages/core/src/agents/schema-utils.ts", "TypeScript", 54, 0, 0, 0, 24, 13, 91
"/Users/neilluo/workspaces/AI/ai-agent/gemini-cli/packages/core/src/agents/subagent-tool-wrapper.test.ts", "TypeScript", 122, 0, 0, 0, 13, 23, 158
"/Users/neilluo/workspaces/AI/ai-agent/gemini-cli/packages/core/src/agents/subagent-tool-wrapper.ts", "TypeScript", 45, 0, 0, 0, 29, 5, 79
"/Users/neilluo/workspaces/AI/ai-agent/gemini-cli/packages/core/src/agents/types.ts", "TypeScript", 73, 0, 0, 0, 82, 15, 170
"/Users/neilluo/workspaces/AI/ai-agent/gemini-cli/packages/core/src/agents/utils.test.ts", "TypeScript", 92, 0, 0, 0, 7, 17, 116
"/Users/neilluo/workspaces/AI/ai-agent/gemini-cli/packages/core/src/agents/utils.ts", "TypeScript", 20, 0, 0, 0, 17, 7, 44
"/Users/neilluo/workspaces/AI/ai-agent/gemini-cli/packages/core/src/availability/modelAvailabilityService.test.ts", "TypeScript", 131, 0, 0, 0, 8, 27, 166
"/Users/neilluo/workspaces/AI/ai-agent/gemini-cli/packages/core/src/availability/modelAvailabilityService.ts", "TypeScript", 100, 0, 0, 0, 9, 25, 134
"/Users/neilluo/workspaces/AI/ai-agent/gemini-cli/packages/core/src/availability/modelPolicy.ts", "TypeScript", 14, 0, 0, 0, 30, 8, 52
"/Users/neilluo/workspaces/AI/ai-agent/gemini-cli/packages/core/src/availability/policyCatalog.test.ts", "TypeScript", 77, 0, 0, 0, 5, 12, 94
"/Users/neilluo/workspaces/AI/ai-agent/gemini-cli/packages/core/src/availability/policyCatalog.ts", "TypeScript", 91, 0, 0, 0, 16, 15, 122
"/Users/neilluo/workspaces/AI/ai-agent/gemini-cli/packages/core/src/availability/policyHelpers.test.ts", "TypeScript", 50, 0, 0, 0, 5, 6, 61
"/Users/neilluo/workspaces/AI/ai-agent/gemini-cli/packages/core/src/availability/policyHelpers.ts", "TypeScript", 46, 0, 0, 0, 18, 7, 71
"/Users/neilluo/workspaces/AI/ai-agent/gemini-cli/packages/core/src/code_assist/codeAssist.test.ts", "TypeScript", 135, 0, 0, 0, 6, 23, 164
"/Users/neilluo/workspaces/AI/ai-agent/gemini-cli/packages/core/src/code_assist/codeAssist.ts", "TypeScript", 42, 0, 0, 0, 6, 7, 55
"/Users/neilluo/workspaces/AI/ai-agent/gemini-cli/packages/core/src/code_assist/converter.test.ts", "TypeScript", 447, 0, 0, 0, 5, 26, 478
"/Users/neilluo/workspaces/AI/ai-agent/gemini-cli/packages/core/src/code_assist/converter.ts", "TypeScript", 242, 0, 0, 0, 18, 28, 288
"/Users/neilluo/workspaces/AI/ai-agent/gemini-cli/packages/core/src/code_assist/experiments/client_metadata.test.ts", "TypeScript", 87, 0, 0, 0, 11, 21, 119
"/Users/neilluo/workspaces/AI/ai-agent/gemini-cli/packages/core/src/code_assist/experiments/client_metadata.ts", "TypeScript", 39, 0, 0, 0, 11, 7, 57
"/Users/neilluo/workspaces/AI/ai-agent/gemini-cli/packages/core/src/code_assist/experiments/experiments.test.ts", "TypeScript", 83, 0, 0, 0, 12, 21, 116
"/Users/neilluo/workspaces/AI/ai-agent/gemini-cli/packages/core/src/code_assist/experiments/experiments.ts", "TypeScript", 33, 0, 0, 0, 10, 7, 50
"/Users/neilluo/workspaces/AI/ai-agent/gemini-cli/packages/core/src/code_assist/experiments/flagNames.ts", "TypeScript", 9, 0, 0, 0, 5, 3, 17
"/Users/neilluo/workspaces/AI/ai-agent/gemini-cli/packages/core/src/code_assist/experiments/types.ts", "TypeScript", 30, 0, 0, 0, 5, 8, 43
"/Users/neilluo/workspaces/AI/ai-agent/gemini-cli/packages/core/src/code_assist/oauth-credential-storage.test.ts", "TypeScript", 260, 0, 0, 0, 6, 49, 315
"/Users/neilluo/workspaces/AI/ai-agent/gemini-cli/packages/core/src/code_assist/oauth-credential-storage.ts", "TypeScript", 95, 0, 0, 0, 25, 20, 140
"/Users/neilluo/workspaces/AI/ai-agent/gemini-cli/packages/core/src/code_assist/oauth2.test.ts", "TypeScript", 1060, 0, 0, 0, 41, 174, 1275
"/Users/neilluo/workspaces/AI/ai-agent/gemini-cli/packages/core/src/code_assist/oauth2.ts", "TypeScript", 542, 0, 0, 0, 58, 64, 664
"/Users/neilluo/workspaces/AI/ai-agent/gemini-cli/packages/core/src/code_assist/server.test.ts", "TypeScript", 356, 0, 0, 0, 10, 52, 418
"/Users/neilluo/workspaces/AI/ai-agent/gemini-cli/packages/core/src/code_assist/server.ts", "TypeScript", 249, 0, 0, 0, 8, 22, 279
"/Users/neilluo/workspaces/AI/ai-agent/gemini-cli/packages/core/src/code_assist/setup.test.ts", "TypeScript", 200, 0, 0, 0, 6, 19, 225
"/Users/neilluo/workspaces/AI/ai-agent/gemini-cli/packages/core/src/code_assist/setup.ts", "TypeScript", 103, 0, 0, 0, 12, 13, 128
"/Users/neilluo/workspaces/AI/ai-agent/gemini-cli/packages/core/src/code_assist/types.ts", "TypeScript", 137, 0, 0, 0, 61, 22, 220
"/Users/neilluo/workspaces/AI/ai-agent/gemini-cli/packages/core/src/commands/extensions.test.ts", "TypeScript", 14, 0, 0, 0, 5, 5, 24
"/Users/neilluo/workspaces/AI/ai-agent/gemini-cli/packages/core/src/commands/extensions.ts", "TypeScript", 4, 0, 0, 0, 5, 3, 12
"/Users/neilluo/workspaces/AI/ai-agent/gemini-cli/packages/core/src/commands/restore.test.ts", "TypeScript", 137, 0, 0, 0, 5, 27, 169
"/Users/neilluo/workspaces/AI/ai-agent/gemini-cli/packages/core/src/commands/restore.ts", "TypeScript", 58, 0, 0, 0, 5, 6, 69
"/Users/neilluo/workspaces/AI/ai-agent/gemini-cli/packages/core/src/commands/types.ts", "TypeScript", 25, 0, 0, 0, 20, 6, 51
"/Users/neilluo/workspaces/AI/ai-agent/gemini-cli/packages/core/src/config/config.test.ts", "TypeScript", 1380, 0, 0, 0, 40, 215, 1635
"/Users/neilluo/workspaces/AI/ai-agent/gemini-cli/packages/core/src/config/config.ts", "TypeScript", 1305, 0, 0, 0, 131, 208, 1644
"/Users/neilluo/workspaces/AI/ai-agent/gemini-cli/packages/core/src/config/constants.ts", "TypeScript", 12, 0, 0, 0, 7, 4, 23
"/Users/neilluo/workspaces/AI/ai-agent/gemini-cli/packages/core/src/config/defaultModelConfigs.ts", "TypeScript", 195, 0, 0, 0, 15, 3, 213
"/Users/neilluo/workspaces/AI/ai-agent/gemini-cli/packages/core/src/config/flashFallback.test.ts", "TypeScript", 71, 0, 0, 0, 17, 16, 104
"/Users/neilluo/workspaces/AI/ai-agent/gemini-cli/packages/core/src/config/models.test.ts", "TypeScript", 195, 0, 0, 0, 5, 27, 227
"/Users/neilluo/workspaces/AI/ai-agent/gemini-cli/packages/core/src/config/models.ts", "TypeScript", 49, 0, 0, 0, 39, 12, 100
"/Users/neilluo/workspaces/AI/ai-agent/gemini-cli/packages/core/src/config/storage.test.ts", "TypeScript", 46, 0, 0, 0, 5, 11, 62
"/Users/neilluo/workspaces/AI/ai-agent/gemini-cli/packages/core/src/config/storage.ts", "TypeScript", 107, 0, 0, 0, 5, 30, 142
"/Users/neilluo/workspaces/AI/ai-agent/gemini-cli/packages/core/src/confirmation-bus/index.ts", "TypeScript", 2, 0, 0, 0, 5, 2, 9
"/Users/neilluo/workspaces/AI/ai-agent/gemini-cli/packages/core/src/confirmation-bus/message-bus.test.ts", "TypeScript", 184, 0, 0, 0, 10, 48, 242
"/Users/neilluo/workspaces/AI/ai-agent/gemini-cli/packages/core/src/confirmation-bus/message-bus.ts", "TypeScript", 147, 0, 0, 0, 23, 21, 191
"/Users/neilluo/workspaces/AI/ai-agent/gemini-cli/packages/core/src/confirmation-bus/types.ts", "TypeScript", 72, 0, 0, 0, 9, 13, 94
"/Users/neilluo/workspaces/AI/ai-agent/gemini-cli/packages/core/src/core/apiKeyCredentialStorage.test.ts", "TypeScript", 71, 0, 0, 0, 5, 13, 89
"/Users/neilluo/workspaces/AI/ai-agent/gemini-cli/packages/core/src/core/apiKeyCredentialStorage.ts", "TypeScript", 46, 0, 0, 0, 17, 11, 74
"/Users/neilluo/workspaces/AI/ai-agent/gemini-cli/packages/core/src/core/baseLlmClient.test.ts", "TypeScript", 462, 0, 0, 0, 33, 102, 597
"/Users/neilluo/workspaces/AI/ai-agent/gemini-cli/packages/core/src/core/baseLlmClient.ts", "TypeScript", 203, 0, 0, 0, 44, 25, 272
"/Users/neilluo/workspaces/AI/ai-agent/gemini-cli/packages/core/src/core/client.test.ts", "TypeScript", 1986, 0, 0, 0, 224, 303, 2513
"/Users/neilluo/workspaces/AI/ai-agent/gemini-cli/packages/core/src/core/client.ts", "TypeScript", 638, 0, 0, 0, 35, 85, 758
"/Users/neilluo/workspaces/AI/ai-agent/gemini-cli/packages/core/src/core/clientHookTriggers.ts", "TypeScript", 67, 0, 0, 0, 31, 8, 106
"/Users/neilluo/workspaces/AI/ai-agent/gemini-cli/packages/core/src/core/contentGenerator.test.ts", "TypeScript", 362, 0, 0, 0, 8, 38, 408
"/Users/neilluo/workspaces/AI/ai-agent/gemini-cli/packages/core/src/core/contentGenerator.ts", "TypeScript", 154, 0, 0, 0, 9, 25, 188
"/Users/neilluo/workspaces/AI/ai-agent/gemini-cli/packages/core/src/core/coreToolHookTriggers.ts", "TypeScript", 277, 0, 0, 0, 64, 21, 362
"/Users/neilluo/workspaces/AI/ai-agent/gemini-cli/packages/core/src/core/coreToolScheduler.test.ts", "TypeScript", 1811, 0, 0, 0, 88, 251, 2150
"/Users/neilluo/workspaces/AI/ai-agent/gemini-cli/packages/core/src/core/coreToolScheduler.ts", "TypeScript", 1229, 0, 0, 0, 82, 116, 1427
"/Users/neilluo/workspaces/AI/ai-agent/gemini-cli/packages/core/src/core/fakeContentGenerator.test.ts", "TypeScript", 147, 0, 0, 0, 5, 17, 169
"/Users/neilluo/workspaces/AI/ai-agent/gemini-cli/packages/core/src/core/fakeContentGenerator.ts", "TypeScript", 97, 0, 0, 0, 9, 11, 117
"/Users/neilluo/workspaces/AI/ai-agent/gemini-cli/packages/core/src/core/geminiChat.test.ts", "TypeScript", 1942, 0, 0, 0, 191, 230, 2363
"/Users/neilluo/workspaces/AI/ai-agent/gemini-cli/packages/core/src/core/geminiChat.ts", "TypeScript", 661, 0, 0, 0, 171, 82, 914
"/Users/neilluo/workspaces/AI/ai-agent/gemini-cli/packages/core/src/core/geminiChatHookTriggers.ts", "TypeScript", 161, 0, 0, 0, 53, 22, 236
"/Users/neilluo/workspaces/AI/ai-agent/gemini-cli/packages/core/src/core/geminiChat_network_retry.test.ts", "TypeScript", 222, 0, 0, 0, 14, 36, 272
"/Users/neilluo/workspaces/AI/ai-agent/gemini-cli/packages/core/src/core/geminiRequest.ts", "TypeScript", 6, 0, 0, 0, 10, 4, 20
"/Users/neilluo/workspaces/AI/ai-agent/gemini-cli/packages/core/src/core/logger.test.ts", "TypeScript", 676, 0, 0, 0, 18, 84, 778
"/Users/neilluo/workspaces/AI/ai-agent/gemini-cli/packages/core/src/core/logger.ts", "TypeScript", 372, 0, 0, 0, 52, 45, 469
"/Users/neilluo/workspaces/AI/ai-agent/gemini-cli/packages/core/src/core/loggingContentGenerator.test.ts", "TypeScript", 211, 0, 0, 0, 7, 40, 258
"/Users/neilluo/workspaces/AI/ai-agent/gemini-cli/packages/core/src/core/loggingContentGenerator.ts", "TypeScript", 335, 0, 0, 0, 14, 22, 371
"/Users/neilluo/workspaces/AI/ai-agent/gemini-cli/packages/core/src/core/nonInteractiveToolExecutor.test.ts", "TypeScript", 350, 0, 0, 0, 6, 30, 386
"/Users/neilluo/workspaces/AI/ai-agent/gemini-cli/packages/core/src/core/nonInteractiveToolExecutor.ts", "TypeScript", 27, 0, 0, 0, 8, 4, 39
"/Users/neilluo/workspaces/AI/ai-agent/gemini-cli/packages/core/src/core/prompts.test.ts", "TypeScript", 358, 0, 0, 0, 6, 33, 397
"/Users/neilluo/workspaces/AI/ai-agent/gemini-cli/packages/core/src/core/prompts.ts", "TypeScript", 364, 0, 0, 0, 31, 56, 451
"/Users/neilluo/workspaces/AI/ai-agent/gemini-cli/packages/core/src/core/recordingContentGenerator.test.ts", "TypeScript", 128, 0, 0, 0, 5, 19, 152
"/Users/neilluo/workspaces/AI/ai-agent/gemini-cli/packages/core/src/core/recordingContentGenerator.ts", "TypeScript", 90, 0, 0, 0, 11, 12, 113
"/Users/neilluo/workspaces/AI/ai-agent/gemini-cli/packages/core/src/core/sessionHookTriggers.ts", "TypeScript", 69, 0, 0, 0, 23, 5, 97
"/Users/neilluo/workspaces/AI/ai-agent/gemini-cli/packages/core/src/core/tokenLimits.test.ts", "TypeScript", 19, 0, 0, 0, 6, 7, 32
"/Users/neilluo/workspaces/AI/ai-agent/gemini-cli/packages/core/src/core/tokenLimits.ts", "TypeScript", 22, 0, 0, 0, 7, 4, 33
"/Users/neilluo/workspaces/AI/ai-agent/gemini-cli/packages/core/src/core/turn.test.ts", "TypeScript", 710, 0, 0, 0, 15, 66, 791
"/Users/neilluo/workspaces/AI/ai-agent/gemini-cli/packages/core/src/core/turn.ts", "TypeScript", 334, 0, 0, 0, 27, 57, 418
"/Users/neilluo/workspaces/AI/ai-agent/gemini-cli/packages/core/src/fallback/handler.test.ts", "TypeScript", 609, 0, 0, 0, 14, 89, 712
"/Users/neilluo/workspaces/AI/ai-agent/gemini-cli/packages/core/src/fallback/handler.ts", "TypeScript", 221, 0, 0, 0, 24, 31, 276
"/Users/neilluo/workspaces/AI/ai-agent/gemini-cli/packages/core/src/fallback/types.ts", "TypeScript", 23, 0, 0, 0, 12, 5, 40
"/Users/neilluo/workspaces/AI/ai-agent/gemini-cli/packages/core/src/hooks/hookAggregator.test.ts", "TypeScript", 435, 0, 0, 0, 6, 35, 476
"/Users/neilluo/workspaces/AI/ai-agent/gemini-cli/packages/core/src/hooks/hookAggregator.ts", "TypeScript", 228, 0, 0, 0, 69, 47, 344
"/Users/neilluo/workspaces/AI/ai-agent/gemini-cli/packages/core/src/hooks/hookEventHandler.test.ts", "TypeScript", 461, 0, 0, 0, 6, 58, 525
"/Users/neilluo/workspaces/AI/ai-agent/gemini-cli/packages/core/src/hooks/hookEventHandler.ts", "TypeScript", 602, 0, 0, 0, 134, 65, 801
"/Users/neilluo/workspaces/AI/ai-agent/gemini-cli/packages/core/src/hooks/hookPlanner.test.ts", "TypeScript", 263, 0, 0, 0, 15, 47, 325
"/Users/neilluo/workspaces/AI/ai-agent/gemini-cli/packages/core/src/hooks/hookPlanner.ts", "TypeScript", 90, 0, 0, 0, 37, 28, 155
"/Users/neilluo/workspaces/AI/ai-agent/gemini-cli/packages/core/src/hooks/hookRegistry.test.ts", "TypeScript", 408, 0, 0, 0, 23, 75, 506
"/Users/neilluo/workspaces/AI/ai-agent/gemini-cli/packages/core/src/hooks/hookRegistry.ts", "TypeScript", 196, 0, 0, 0, 55, 32, 283
"/Users/neilluo/workspaces/AI/ai-agent/gemini-cli/packages/core/src/hooks/hookRunner.test.ts", "TypeScript", 605, 0, 0, 0, 21, 105, 731
"/Users/neilluo/workspaces/AI/ai-agent/gemini-cli/packages/core/src/hooks/hookRunner.ts", "TypeScript", 275, 0, 0, 0, 62, 38, 375
"/Users/neilluo/workspaces/AI/ai-agent/gemini-cli/packages/core/src/hooks/hookSystem.test.ts", "TypeScript", 334, 0, 0, 0, 37, 69, 440
"/Users/neilluo/workspaces/AI/ai-agent/gemini-cli/packages/core/src/hooks/hookSystem.ts", "TypeScript", 67, 0, 0, 0, 27, 13, 107
"/Users/neilluo/workspaces/AI/ai-agent/gemini-cli/packages/core/src/hooks/hookTranslator.test.ts", "TypeScript", 199, 0, 0, 0, 6, 32, 237
"/Users/neilluo/workspaces/AI/ai-agent/gemini-cli/packages/core/src/hooks/hookTranslator.ts", "TypeScript", 260, 0, 0, 0, 69, 31, 360
"/Users/neilluo/workspaces/AI/ai-agent/gemini-cli/packages/core/src/hooks/index.ts", "TypeScript", 16, 0, 0, 0, 9, 5, 30
"/Users/neilluo/workspaces/AI/ai-agent/gemini-cli/packages/core/src/hooks/types.test.ts", "TypeScript", 340, 0, 0, 0, 5, 41, 386
"/Users/neilluo/workspaces/AI/ai-agent/gemini-cli/packages/core/src/hooks/types.ts", "TypeScript", 375, 0, 0, 0, 171, 56, 602
"/Users/neilluo/workspaces/AI/ai-agent/gemini-cli/packages/core/src/ide/constants.ts", "TypeScript", 4, 0, 0, 0, 5, 2, 11
"/Users/neilluo/workspaces/AI/ai-agent/gemini-cli/packages/core/src/ide/detect-ide.test.ts", "TypeScript", 105, 0, 0, 0, 6, 21, 132
"/Users/neilluo/workspaces/AI/ai-agent/gemini-cli/packages/core/src/ide/detect-ide.ts", "TypeScript", 83, 0, 0, 0, 6, 9, 98
"/Users/neilluo/workspaces/AI/ai-agent/gemini-cli/packages/core/src/ide/ide-client.test.ts", "TypeScript", 793, 0, 0, 0, 20, 115, 928
"/Users/neilluo/workspaces/AI/ai-agent/gemini-cli/packages/core/src/ide/ide-client.ts", "TypeScript", 697, 0, 0, 0, 77, 76, 850
"/Users/neilluo/workspaces/AI/ai-agent/gemini-cli/packages/core/src/ide/ide-installer.test.ts", "TypeScript", 223, 0, 0, 0, 5, 26, 254
"/Users/neilluo/workspaces/AI/ai-agent/gemini-cli/packages/core/src/ide/ide-installer.ts", "TypeScript", 182, 0, 0, 0, 12, 22, 216
"/Users/neilluo/workspaces/AI/ai-agent/gemini-cli/packages/core/src/ide/ideContext.test.ts", "TypeScript", 400, 0, 0, 0, 7, 47, 454
"/Users/neilluo/workspaces/AI/ai-agent/gemini-cli/packages/core/src/ide/ideContext.ts", "TypeScript", 72, 0, 0, 0, 37, 16, 125
"/Users/neilluo/workspaces/AI/ai-agent/gemini-cli/packages/core/src/ide/process-utils.test.ts", "TypeScript", 147, 0, 0, 0, 14, 22, 183
"/Users/neilluo/workspaces/AI/ai-agent/gemini-cli/packages/core/src/ide/process-utils.ts", "TypeScript", 150, 0, 0, 0, 50, 27, 227
"/Users/neilluo/workspaces/AI/ai-agent/gemini-cli/packages/core/src/ide/types.ts", "TypeScript", 59, 0, 0, 0, 80, 10, 149
"/Users/neilluo/workspaces/AI/ai-agent/gemini-cli/packages/core/src/index.test.ts", "TypeScript", 6, 0, 0, 0, 5, 3, 14
"/Users/neilluo/workspaces/AI/ai-agent/gemini-cli/packages/core/src/index.ts", "TypeScript", 119, 0, 0, 0, 21, 19, 159
"/Users/neilluo/workspaces/AI/ai-agent/gemini-cli/packages/core/src/mcp/auth-provider.ts", "TypeScript", 4, 0, 0, 0, 12, 3, 19
"/Users/neilluo/workspaces/AI/ai-agent/gemini-cli/packages/core/src/mcp/google-auth-provider.test.ts", "TypeScript", 172, 0, 0, 0, 10, 30, 212
"/Users/neilluo/workspaces/AI/ai-agent/gemini-cli/packages/core/src/mcp/google-auth-provider.ts", "TypeScript", 114, 0, 0, 0, 21, 23, 158
"/Users/neilluo/workspaces/AI/ai-agent/gemini-cli/packages/core/src/mcp/oauth-provider.test.ts", "TypeScript", 1498, 0, 0, 0, 40, 195, 1733
"/Users/neilluo/workspaces/AI/ai-agent/gemini-cli/packages/core/src/mcp/oauth-provider.ts", "TypeScript", 752, 0, 0, 0, 155, 119, 1026
"/Users/neilluo/workspaces/AI/ai-agent/gemini-cli/packages/core/src/mcp/oauth-token-storage.test.ts", "TypeScript", 370, 0, 0, 0, 6, 92, 468
"/Users/neilluo/workspaces/AI/ai-agent/gemini-cli/packages/core/src/mcp/oauth-token-storage.ts", "TypeScript", 159, 0, 0, 0, 53, 23, 235
"/Users/neilluo/workspaces/AI/ai-agent/gemini-cli/packages/core/src/mcp/oauth-utils.test.ts", "TypeScript", 304, 0, 0, 0, 7, 55, 366
"/Users/neilluo/workspaces/AI/ai-agent/gemini-cli/packages/core/src/mcp/oauth-utils.ts", "TypeScript", 246, 0, 0, 0, 103, 41, 390
"/Users/neilluo/workspaces/AI/ai-agent/gemini-cli/packages/core/src/mcp/sa-impersonation-provider.test.ts", "TypeScript", 111, 0, 0, 0, 12, 31, 154
"/Users/neilluo/workspaces/AI/ai-agent/gemini-cli/packages/core/src/mcp/sa-impersonation-provider.ts", "TypeScript", 116, 0, 0, 0, 18, 23, 157
"/Users/neilluo/workspaces/AI/ai-agent/gemini-cli/packages/core/src/mcp/token-storage/base-token-storage.test.ts", "TypeScript", 148, 0, 0, 0, 5, 20, 173
"/Users/neilluo/workspaces/AI/ai-agent/gemini-cli/packages/core/src/mcp/token-storage/base-token-storage.ts", "TypeScript", 37, 0, 0, 0, 5, 8, 50
"/Users/neilluo/workspaces/AI/ai-agent/gemini-cli/packages/core/src/mcp/token-storage/file-token-storage.test.ts", "TypeScript", 263, 0, 0, 0, 5, 55, 323
"/Users/neilluo/workspaces/AI/ai-agent/gemini-cli/packages/core/src/mcp/token-storage/file-token-storage.ts", "TypeScript", 146, 0, 0, 0, 5, 35, 186
"/Users/neilluo/workspaces/AI/ai-agent/gemini-cli/packages/core/src/mcp/token-storage/hybrid-token-storage.test.ts", "TypeScript", 221, 0, 0, 0, 6, 48, 275
"/Users/neilluo/workspaces/AI/ai-agent/gemini-cli/packages/core/src/mcp/token-storage/hybrid-token-storage.ts", "TypeScript", 71, 0, 0, 0, 8, 19, 98
"/Users/neilluo/workspaces/AI/ai-agent/gemini-cli/packages/core/src/mcp/token-storage/index.ts", "TypeScript", 7, 0, 0, 0, 5, 3, 15
"/Users/neilluo/workspaces/AI/ai-agent/gemini-cli/packages/core/src/mcp/token-storage/keychain-token-storage.test.ts", "TypeScript", 376, 0, 0, 0, 10, 54, 440
"/Users/neilluo/workspaces/AI/ai-agent/gemini-cli/packages/core/src/mcp/token-storage/keychain-token-storage.ts", "TypeScript", 276, 0, 0, 0, 10, 46, 332
"/Users/neilluo/workspaces/AI/ai-agent/gemini-cli/packages/core/src/mcp/token-storage/types.ts", "TypeScript", 33, 0, 0, 0, 11, 6, 50
"/Users/neilluo/workspaces/AI/ai-agent/gemini-cli/packages/core/src/mocks/msw.ts", "TypeScript", 2, 0, 0, 0, 5, 3, 10
"/Users/neilluo/workspaces/AI/ai-agent/gemini-cli/packages/core/src/output/json-formatter.test.ts", "TypeScript", 288, 0, 0, 0, 11, 32, 331
"/Users/neilluo/workspaces/AI/ai-agent/gemini-cli/packages/core/src/output/json-formatter.ts", "TypeScript", 38, 0, 0, 0, 5, 10, 53
"/Users/neilluo/workspaces/AI/ai-agent/gemini-cli/packages/core/src/output/stream-json-formatter.test.ts", "TypeScript", 486, 0, 0, 0, 7, 62, 555
"/Users/neilluo/workspaces/AI/ai-agent/gemini-cli/packages/core/src/output/stream-json-formatter.ts", "TypeScript", 30, 0, 0, 0, 26, 7, 63
"/Users/neilluo/workspaces/AI/ai-agent/gemini-cli/packages/core/src/output/types.ts", "TypeScript", 84, 0, 0, 0, 6, 15, 105
"/Users/neilluo/workspaces/AI/ai-agent/gemini-cli/packages/core/src/policy/config.test.ts", "TypeScript", 725, 0, 0, 0, 53, 84, 862
"/Users/neilluo/workspaces/AI/ai-agent/gemini-cli/packages/core/src/policy/config.ts", "TypeScript", 164, 0, 0, 0, 66, 26, 256
"/Users/neilluo/workspaces/AI/ai-agent/gemini-cli/packages/core/src/policy/index.ts", "TypeScript", 4, 0, 0, 0, 5, 2, 11
"/Users/neilluo/workspaces/AI/ai-agent/gemini-cli/packages/core/src/policy/policy-engine.test.ts", "TypeScript", 1280, 0, 0, 0, 53, 208, 1541
"/Users/neilluo/workspaces/AI/ai-agent/gemini-cli/packages/core/src/policy/policy-engine.ts", "TypeScript", 253, 0, 0, 0, 54, 33, 340
"/Users/neilluo/workspaces/AI/ai-agent/gemini-cli/packages/core/src/policy/stable-stringify.ts", "TypeScript", 54, 0, 0, 0, 65, 10, 129
"/Users/neilluo/workspaces/AI/ai-agent/gemini-cli/packages/core/src/policy/toml-loader.test.ts", "TypeScript", 398, 0, 0, 0, 8, 49, 455
"/Users/neilluo/workspaces/AI/ai-agent/gemini-cli/packages/core/src/policy/toml-loader.ts", "TypeScript", 370, 0, 0, 0, 92, 45, 507
"/Users/neilluo/workspaces/AI/ai-agent/gemini-cli/packages/core/src/policy/types.ts", "TypeScript", 92, 0, 0, 0, 106, 33, 231
"/Users/neilluo/workspaces/AI/ai-agent/gemini-cli/packages/core/src/prompts/mcp-prompts.test.ts", "TypeScript", 35, 0, 0, 0, 5, 10, 50
"/Users/neilluo/workspaces/AI/ai-agent/gemini-cli/packages/core/src/prompts/mcp-prompts.ts", "TypeScript", 12, 0, 0, 0, 5, 3, 20
"/Users/neilluo/workspaces/AI/ai-agent/gemini-cli/packages/core/src/prompts/prompt-registry.test.ts", "TypeScript", 93, 0, 0, 0, 5, 17, 115
"/Users/neilluo/workspaces/AI/ai-agent/gemini-cli/packages/core/src/prompts/prompt-registry.ts", "TypeScript", 43, 0, 0, 0, 24, 9, 76
"/Users/neilluo/workspaces/AI/ai-agent/gemini-cli/packages/core/src/routing/modelRouterService.test.ts", "TypeScript", 185, 0, 0, 0, 10, 37, 232
"/Users/neilluo/workspaces/AI/ai-agent/gemini-cli/packages/core/src/routing/modelRouterService.ts", "TypeScript", 88, 0, 0, 0, 26, 14, 128
"/Users/neilluo/workspaces/AI/ai-agent/gemini-cli/packages/core/src/routing/routingStrategy.ts", "TypeScript", 32, 0, 0, 0, 38, 7, 77
"/Users/neilluo/workspaces/AI/ai-agent/gemini-cli/packages/core/src/routing/strategies/classifierStrategy.test.ts", "TypeScript", 237, 0, 0, 0, 9, 37, 283
"/Users/neilluo/workspaces/AI/ai-agent/gemini-cli/packages/core/src/routing/strategies/classifierStrategy.ts", "TypeScript", 180, 0, 0, 0, 11, 17, 208
"/Users/neilluo/workspaces/AI/ai-agent/gemini-cli/packages/core/src/routing/strategies/compositeStrategy.test.ts", "TypeScript", 176, 0, 0, 0, 7, 33, 216
"/Users/neilluo/workspaces/AI/ai-agent/gemini-cli/packages/core/src/routing/strategies/compositeStrategy.ts", "TypeScript", 76, 0, 0, 0, 22, 13, 111
"/Users/neilluo/workspaces/AI/ai-agent/gemini-cli/packages/core/src/routing/strategies/defaultStrategy.test.ts", "TypeScript", 23, 0, 0, 0, 5, 5, 33
"/Users/neilluo/workspaces/AI/ai-agent/gemini-cli/packages/core/src/routing/strategies/defaultStrategy.ts", "TypeScript", 25, 0, 0, 0, 5, 4, 34
"/Users/neilluo/workspaces/AI/ai-agent/gemini-cli/packages/core/src/routing/strategies/fallbackStrategy.test.ts", "TypeScript", 72, 0, 0, 0, 5, 14, 91
"/Users/neilluo/workspaces/AI/ai-agent/gemini-cli/packages/core/src/routing/strategies/fallbackStrategy.ts", "TypeScript", 34, 0, 0, 0, 5, 6, 45
"/Users/neilluo/workspaces/AI/ai-agent/gemini-cli/packages/core/src/routing/strategies/overrideStrategy.test.ts", "TypeScript", 44, 0, 0, 0, 5, 11, 60
"/Users/neilluo/workspaces/AI/ai-agent/gemini-cli/packages/core/src/routing/strategies/overrideStrategy.ts", "TypeScript", 30, 0, 0, 0, 10, 6, 46
"/Users/neilluo/workspaces/AI/ai-agent/gemini-cli/packages/core/src/safety/built-in.test.ts", "TypeScript", 211, 0, 0, 0, 9, 25, 245
"/Users/neilluo/workspaces/AI/ai-agent/gemini-cli/packages/core/src/safety/built-in.ts", "TypeScript", 112, 0, 0, 0, 21, 22, 155
"/Users/neilluo/workspaces/AI/ai-agent/gemini-cli/packages/core/src/safety/checker-runner.test.ts", "TypeScript", 242, 0, 0, 0, 16, 46, 304
"/Users/neilluo/workspaces/AI/ai-agent/gemini-cli/packages/core/src/safety/checker-runner.ts", "TypeScript", 220, 0, 0, 0, 44, 34, 298
"/Users/neilluo/workspaces/AI/ai-agent/gemini-cli/packages/core/src/safety/context-builder.test.ts", "TypeScript", 45, 0, 0, 0, 5, 7, 57
"/Users/neilluo/workspaces/AI/ai-agent/gemini-cli/packages/core/src/safety/context-builder.ts", "TypeScript", 33, 0, 0, 0, 15, 7, 55
"/Users/neilluo/workspaces/AI/ai-agent/gemini-cli/packages/core/src/safety/protocol.ts", "TypeScript", 42, 0, 0, 0, 49, 10, 101
"/Users/neilluo/workspaces/AI/ai-agent/gemini-cli/packages/core/src/safety/registry.test.ts", "TypeScript", 35, 0, 0, 0, 5, 8, 48
"/Users/neilluo/workspaces/AI/ai-agent/gemini-cli/packages/core/src/safety/registry.ts", "TypeScript", 53, 0, 0, 0, 17, 14, 84
"/Users/neilluo/workspaces/AI/ai-agent/gemini-cli/packages/core/src/services/chatCompressionService.test.ts", "TypeScript", 271, 0, 0, 0, 8, 35, 314
"/Users/neilluo/workspaces/AI/ai-agent/gemini-cli/packages/core/src/services/chatCompressionService.ts", "TypeScript", 196, 0, 0, 0, 28, 24, 248
"/Users/neilluo/workspaces/AI/ai-agent/gemini-cli/packages/core/src/services/chatRecordingService.test.ts", "TypeScript", 359, 0, 0, 0, 9, 37, 405
"/Users/neilluo/workspaces/AI/ai-agent/gemini-cli/packages/core/src/services/chatRecordingService.ts", "TypeScript", 340, 0, 0, 0, 107, 41, 488
"/Users/neilluo/workspaces/AI/ai-agent/gemini-cli/packages/core/src/services/contextManager.test.ts", "TypeScript", 118, 0, 0, 0, 9, 22, 149
"/Users/neilluo/workspaces/AI/ai-agent/gemini-cli/packages/core/src/services/contextManager.ts", "TypeScript", 80, 0, 0, 0, 18, 14, 112
"/Users/neilluo/workspaces/AI/ai-agent/gemini-cli/packages/core/src/services/fileDiscoveryService.test.ts", "TypeScript", 257, 0, 0, 0, 11, 64, 332
"/Users/neilluo/workspaces/AI/ai-agent/gemini-cli/packages/core/src/services/fileDiscoveryService.ts", "TypeScript", 73, 0, 0, 0, 16, 12, 101
"/Users/neilluo/workspaces/AI/ai-agent/gemini-cli/packages/core/src/services/fileSystemService.test.ts", "TypeScript", 41, 0, 0, 0, 5, 14, 60
"/Users/neilluo/workspaces/AI/ai-agent/gemini-cli/packages/core/src/services/fileSystemService.ts", "TypeScript", 25, 0, 0, 0, 30, 8, 63
"/Users/neilluo/workspaces/AI/ai-agent/gemini-cli/packages/core/src/services/gitService.test.ts", "TypeScript", 216, 0, 0, 0, 8, 36, 260
"/Users/neilluo/workspaces/AI/ai-agent/gemini-cli/packages/core/src/services/gitService.ts", "TypeScript", 100, 0, 0, 0, 13, 20, 133
"/Users/neilluo/workspaces/AI/ai-agent/gemini-cli/packages/core/src/services/loopDetectionService.test.ts", "TypeScript", 795, 0, 0, 0, 62, 164, 1021
"/Users/neilluo/workspaces/AI/ai-agent/gemini-cli/packages/core/src/services/loopDetectionService.ts", "TypeScript", 413, 0, 0, 0, 112, 78, 603
"/Users/neilluo/workspaces/AI/ai-agent/gemini-cli/packages/core/src/services/modelConfig.golden.test.ts", "TypeScript", 48, 0, 0, 0, 7, 9, 64
"/Users/neilluo/workspaces/AI/ai-agent/gemini-cli/packages/core/src/services/modelConfig.integration.test.ts", "TypeScript", 218, 0, 0, 0, 29, 26, 273
"/Users/neilluo/workspaces/AI/ai-agent/gemini-cli/packages/core/src/services/modelConfigService.test.ts", "TypeScript", 634, 0, 0, 0, 16, 51, 701
"/Users/neilluo/workspaces/AI/ai-agent/gemini-cli/packages/core/src/services/modelConfigService.ts", "TypeScript", 187, 0, 0, 0, 37, 37, 261
"/Users/neilluo/workspaces/AI/ai-agent/gemini-cli/packages/core/src/services/sessionSummaryService.test.ts", "TypeScript", 772, 0, 0, 0, 27, 140, 939
"/Users/neilluo/workspaces/AI/ai-agent/gemini-cli/packages/core/src/services/sessionSummaryService.ts", "TypeScript", 113, 0, 0, 0, 27, 23, 163
"/Users/neilluo/workspaces/AI/ai-agent/gemini-cli/packages/core/src/services/sessionSummaryUtils.test.ts", "TypeScript", 319, 0, 0, 0, 14, 60, 393
"/Users/neilluo/workspaces/AI/ai-agent/gemini-cli/packages/core/src/services/sessionSummaryUtils.ts", "TypeScript", 44, 0, 0, 0, 17, 9, 70
"/Users/neilluo/workspaces/AI/ai-agent/gemini-cli/packages/core/src/services/shellExecutionService.test.ts", "TypeScript", 1068, 0, 0, 0, 53, 166, 1287
"/Users/neilluo/workspaces/AI/ai-agent/gemini-cli/packages/core/src/services/shellExecutionService.ts", "TypeScript", 663, 0, 0, 0, 90, 91, 844
"/Users/neilluo/workspaces/AI/ai-agent/gemini-cli/packages/core/src/services/test-data/resolved-aliases.golden.json", "JSON", 0, 222, 0, 0, 0, 1, 223
"/Users/neilluo/workspaces/AI/ai-agent/gemini-cli/packages/core/src/telemetry/activity-detector.test.ts", "TypeScript", 131, 0, 0, 0, 9, 25, 165
"/Users/neilluo/workspaces/AI/ai-agent/gemini-cli/packages/core/src/telemetry/activity-detector.ts", "TypeScript", 30, 0, 0, 0, 30, 11, 71
"/Users/neilluo/workspaces/AI/ai-agent/gemini-cli/packages/core/src/telemetry/activity-monitor.test.ts", "TypeScript", 259, 0, 0, 0, 11, 63, 333
"/Users/neilluo/workspaces/AI/ai-agent/gemini-cli/packages/core/src/telemetry/activity-monitor.ts", "TypeScript", 179, 0, 0, 0, 78, 37, 294
"/Users/neilluo/workspaces/AI/ai-agent/gemini-cli/packages/core/src/telemetry/activity-types.ts", "TypeScript", 11, 0, 0, 0, 8, 2, 21
"/Users/neilluo/workspaces/AI/ai-agent/gemini-cli/packages/core/src/telemetry/clearcut-logger/clearcut-logger.test.ts", "TypeScript", 927, 0, 0, 0, 25, 134, 1086
"/Users/neilluo/workspaces/AI/ai-agent/gemini-cli/packages/core/src/telemetry/clearcut-logger/clearcut-logger.ts", "TypeScript", 1281, 0, 0, 0, 78, 146, 1505
"/Users/neilluo/workspaces/AI/ai-agent/gemini-cli/packages/core/src/telemetry/clearcut-logger/event-metadata-key.ts", "TypeScript", 134, 0, 0, 0, 213, 158, 505
"/Users/neilluo/workspaces/AI/ai-agent/gemini-cli/packages/core/src/telemetry/config.test.ts", "TypeScript", 161, 0, 0, 0, 5, 18, 184
"/Users/neilluo/workspaces/AI/ai-agent/gemini-cli/packages/core/src/telemetry/config.ts", "TypeScript", 96, 0, 0, 0, 14, 14, 124
"/Users/neilluo/workspaces/AI/ai-agent/gemini-cli/packages/core/src/telemetry/constants.ts", "TypeScript", 1, 0, 0, 0, 5, 2, 8
"/Users/neilluo/workspaces/AI/ai-agent/gemini-cli/packages/core/src/telemetry/file-exporters.ts", "TypeScript", 78, 0, 0, 0, 5, 11, 94
"/Users/neilluo/workspaces/AI/ai-agent/gemini-cli/packages/core/src/telemetry/gcp-exporters.test.ts", "TypeScript", 323, 0, 0, 0, 5, 78, 406
"/Users/neilluo/workspaces/AI/ai-agent/gemini-cli/packages/core/src/telemetry/gcp-exporters.ts", "TypeScript", 107, 0, 0, 0, 17, 12, 136
"/Users/neilluo/workspaces/AI/ai-agent/gemini-cli/packages/core/src/telemetry/high-water-mark-tracker.test.ts", "TypeScript", 134, 0, 0, 0, 21, 44, 199
"/Users/neilluo/workspaces/AI/ai-agent/gemini-cli/packages/core/src/telemetry/high-water-mark-tracker.ts", "TypeScript", 52, 0, 0, 0, 36, 13, 101
"/Users/neilluo/workspaces/AI/ai-agent/gemini-cli/packages/core/src/telemetry/index.ts", "TypeScript", 127, 0, 0, 0, 11, 4, 142
"/Users/neilluo/workspaces/AI/ai-agent/gemini-cli/packages/core/src/telemetry/integration.test.circular.ts", "TypeScript", 39, 0, 0, 0, 15, 10, 64
"/Users/neilluo/workspaces/AI/ai-agent/gemini-cli/packages/core/src/telemetry/loggers.test.circular.ts", "TypeScript", 98, 0, 0, 0, 13, 17, 128
"/Users/neilluo/workspaces/AI/ai-agent/gemini-cli/packages/core/src/telemetry/loggers.test.ts", "TypeScript", 1892, 0, 0, 0, 15, 200, 2107
"/Users/neilluo/workspaces/AI/ai-agent/gemini-cli/packages/core/src/telemetry/loggers.ts", "TypeScript", 633, 0, 0, 0, 6, 52, 691
"/Users/neilluo/workspaces/AI/ai-agent/gemini-cli/packages/core/src/telemetry/memory-monitor.test.ts", "TypeScript", 520, 0, 0, 0, 33, 116, 669
"/Users/neilluo/workspaces/AI/ai-agent/gemini-cli/packages/core/src/telemetry/memory-monitor.ts", "TypeScript", 299, 0, 0, 0, 97, 54, 450
"/Users/neilluo/workspaces/AI/ai-agent/gemini-cli/packages/core/src/telemetry/metrics.test.ts", "TypeScript", 1252, 0, 0, 0, 27, 178, 1457
"/Users/neilluo/workspaces/AI/ai-agent/gemini-cli/packages/core/src/telemetry/metrics.ts", "TypeScript", 1049, 0, 0, 0, 48, 118, 1215
"/Users/neilluo/workspaces/AI/ai-agent/gemini-cli/packages/core/src/telemetry/rate-limiter.test.ts", "TypeScript", 194, 0, 0, 0, 17, 83, 294
"/Users/neilluo/workspaces/AI/ai-agent/gemini-cli/packages/core/src/telemetry/rate-limiter.ts", "TypeScript", 76, 0, 0, 0, 32, 17, 125
"/Users/neilluo/workspaces/AI/ai-agent/gemini-cli/packages/core/src/telemetry/sanitize.test.ts", "TypeScript", 411, 0, 0, 0, 27, 56, 494
"/Users/neilluo/workspaces/AI/ai-agent/gemini-cli/packages/core/src/telemetry/sanitize.ts", "TypeScript", 19, 0, 0, 0, 28, 6, 53
"/Users/neilluo/workspaces/AI/ai-agent/gemini-cli/packages/core/src/telemetry/sdk.test.ts", "TypeScript", 308, 0, 0, 0, 16, 50, 374
"/Users/neilluo/workspaces/AI/ai-agent/gemini-cli/packages/core/src/telemetry/sdk.ts", "TypeScript", 313, 0, 0, 0, 29, 29, 371
"/Users/neilluo/workspaces/AI/ai-agent/gemini-cli/packages/core/src/telemetry/semantic.test.ts", "TypeScript", 394, 0, 0, 0, 9, 23, 426
"/Users/neilluo/workspaces/AI/ai-agent/gemini-cli/packages/core/src/telemetry/semantic.ts", "TypeScript", 268, 0, 0, 0, 22, 34, 324
"/Users/neilluo/workspaces/AI/ai-agent/gemini-cli/packages/core/src/telemetry/startupProfiler.test.ts", "TypeScript", 255, 0, 0, 0, 22, 71, 348
"/Users/neilluo/workspaces/AI/ai-agent/gemini-cli/packages/core/src/telemetry/startupProfiler.ts", "TypeScript", 141, 0, 0, 0, 44, 31, 216
"/Users/neilluo/workspaces/AI/ai-agent/gemini-cli/packages/core/src/telemetry/telemetry-utils.test.ts", "TypeScript", 40, 0, 0, 0, 5, 4, 49
"/Users/neilluo/workspaces/AI/ai-agent/gemini-cli/packages/core/src/telemetry/telemetry-utils.ts", "TypeScript", 10, 0, 0, 0, 5, 3, 18
"/Users/neilluo/workspaces/AI/ai-agent/gemini-cli/packages/core/src/telemetry/telemetry.test.ts", "TypeScript", 59, 0, 0, 0, 6, 10, 75
"/Users/neilluo/workspaces/AI/ai-agent/gemini-cli/packages/core/src/telemetry/telemetryAttributes.ts", "TypeScript", 15, 0, 0, 0, 5, 4, 24
"/Users/neilluo/workspaces/AI/ai-agent/gemini-cli/packages/core/src/telemetry/tool-call-decision.ts", "TypeScript", 24, 0, 0, 0, 5, 4, 33
"/Users/neilluo/workspaces/AI/ai-agent/gemini-cli/packages/core/src/telemetry/trace.ts", "TypeScript", 99, 0, 0, 0, 44, 7, 150
"/Users/neilluo/workspaces/AI/ai-agent/gemini-cli/packages/core/src/telemetry/types.ts", "TypeScript", 1655, 0, 0, 0, 11, 194, 1860
"/Users/neilluo/workspaces/AI/ai-agent/gemini-cli/packages/core/src/telemetry/uiTelemetry.test.ts", "TypeScript", 617, 0, 0, 0, 14, 71, 702
"/Users/neilluo/workspaces/AI/ai-agent/gemini-cli/packages/core/src/telemetry/uiTelemetry.ts", "TypeScript", 202, 0, 0, 0, 7, 27, 236
"/Users/neilluo/workspaces/AI/ai-agent/gemini-cli/packages/core/src/test-utils/config.ts", "TypeScript", 21, 0, 0, 0, 13, 4, 38
"/Users/neilluo/workspaces/AI/ai-agent/gemini-cli/packages/core/src/test-utils/index.ts", "TypeScript", 1, 0, 0, 0, 5, 2, 8
"/Users/neilluo/workspaces/AI/ai-agent/gemini-cli/packages/core/src/test-utils/mock-message-bus.ts", "TypeScript", 115, 0, 0, 0, 44, 19, 178
"/Users/neilluo/workspaces/AI/ai-agent/gemini-cli/packages/core/src/test-utils/mock-tool.ts", "TypeScript", 185, 0, 0, 0, 13, 21, 219
"/Users/neilluo/workspaces/AI/ai-agent/gemini-cli/packages/core/src/test-utils/mockWorkspaceContext.ts", "TypeScript", 18, 0, 0, 0, 11, 5, 34
"/Users/neilluo/workspaces/AI/ai-agent/gemini-cli/packages/core/src/tools/base-tool-invocation.test.ts", "TypeScript", 105, 0, 0, 0, 12, 19, 136
"/Users/neilluo/workspaces/AI/ai-agent/gemini-cli/packages/core/src/tools/diffOptions.test.ts", "TypeScript", 149, 0, 0, 0, 5, 12, 166
"/Users/neilluo/workspaces/AI/ai-agent/gemini-cli/packages/core/src/tools/diffOptions.ts", "TypeScript", 61, 0, 0, 0, 5, 8, 74
"/Users/neilluo/workspaces/AI/ai-agent/gemini-cli/packages/core/src/tools/edit.test.ts", "TypeScript", 1028, 0, 0, 0, 45, 114, 1187
"/Users/neilluo/workspaces/AI/ai-agent/gemini-cli/packages/core/src/tools/edit.ts", "TypeScript", 508, 0, 0, 0, 66, 52, 626
"/Users/neilluo/workspaces/AI/ai-agent/gemini-cli/packages/core/src/tools/glob.test.ts", "TypeScript", 474, 0, 0, 0, 18, 45, 537
"/Users/neilluo/workspaces/AI/ai-agent/gemini-cli/packages/core/src/tools/glob.ts", "TypeScript", 288, 0, 0, 0, 41, 35, 364
"/Users/neilluo/workspaces/AI/ai-agent/gemini-cli/packages/core/src/tools/grep.test.ts", "TypeScript", 348, 0, 0, 0, 24, 46, 418
"/Users/neilluo/workspaces/AI/ai-agent/gemini-cli/packages/core/src/tools/grep.ts", "TypeScript", 537, 0, 0, 0, 88, 65, 690
"/Users/neilluo/workspaces/AI/ai-agent/gemini-cli/packages/core/src/tools/ls.test.ts", "TypeScript", 247, 0, 0, 0, 12, 58, 317
"/Users/neilluo/workspaces/AI/ai-agent/gemini-cli/packages/core/src/tools/ls.ts", "TypeScript", 250, 0, 0, 0, 66, 30, 346
"/Users/neilluo/workspaces/AI/ai-agent/gemini-cli/packages/core/src/tools/mcp-client-manager.test.ts", "TypeScript", 207, 0, 0, 0, 5, 27, 239
"/Users/neilluo/workspaces/AI/ai-agent/gemini-cli/packages/core/src/tools/mcp-client-manager.ts", "TypeScript", 269, 0, 0, 0, 61, 23, 353
"/Users/neilluo/workspaces/AI/ai-agent/gemini-cli/packages/core/src/tools/mcp-client.test.ts", "TypeScript", 1433, 0, 0, 0, 46, 191, 1670
"/Users/neilluo/workspaces/AI/ai-agent/gemini-cli/packages/core/src/tools/mcp-client.ts", "TypeScript", 1223, 0, 0, 0, 300, 151, 1674
"/Users/neilluo/workspaces/AI/ai-agent/gemini-cli/packages/core/src/tools/mcp-tool.test.ts", "TypeScript", 747, 0, 0, 0, 20, 93, 860
"/Users/neilluo/workspaces/AI/ai-agent/gemini-cli/packages/core/src/tools/mcp-tool.ts", "TypeScript", 354, 0, 0, 0, 32, 44, 430
"/Users/neilluo/workspaces/AI/ai-agent/gemini-cli/packages/core/src/tools/memoryTool.test.ts", "TypeScript", 346, 0, 0, 0, 24, 62, 432
"/Users/neilluo/workspaces/AI/ai-agent/gemini-cli/packages/core/src/tools/memoryTool.ts", "TypeScript", 336, 0, 0, 0, 21, 43, 400
"/Users/neilluo/workspaces/AI/ai-agent/gemini-cli/packages/core/src/tools/message-bus-integration.test.ts", "TypeScript", 228, 0, 0, 0, 21, 53, 302
"/Users/neilluo/workspaces/AI/ai-agent/gemini-cli/packages/core/src/tools/modifiable-tool.test.ts", "TypeScript", 345, 0, 0, 0, 10, 64, 419
"/Users/neilluo/workspaces/AI/ai-agent/gemini-cli/packages/core/src/tools/modifiable-tool.ts", "TypeScript", 170, 0, 0, 0, 15, 29, 214
"/Users/neilluo/workspaces/AI/ai-agent/gemini-cli/packages/core/src/tools/read-file.test.ts", "TypeScript", 469, 0, 0, 0, 12, 53, 534
"/Users/neilluo/workspaces/AI/ai-agent/gemini-cli/packages/core/src/tools/read-file.ts", "TypeScript", 198, 0, 0, 0, 20, 23, 241
"/Users/neilluo/workspaces/AI/ai-agent/gemini-cli/packages/core/src/tools/read-many-files.test.ts", "TypeScript", 658, 0, 0, 0, 24, 77, 759
"/Users/neilluo/workspaces/AI/ai-agent/gemini-cli/packages/core/src/tools/read-many-files.ts", "TypeScript", 440, 0, 0, 0, 51, 49, 540
"/Users/neilluo/workspaces/AI/ai-agent/gemini-cli/packages/core/src/tools/ripGrep.test.ts", "TypeScript", 1528, 0, 0, 0, 52, 187, 1767
"/Users/neilluo/workspaces/AI/ai-agent/gemini-cli/packages/core/src/tools/ripGrep.ts", "TypeScript", 451, 0, 0, 0, 70, 69, 590
"/Users/neilluo/workspaces/AI/ai-agent/gemini-cli/packages/core/src/tools/shell.test.ts", "TypeScript", 483, 0, 0, 0, 20, 74, 577
"/Users/neilluo/workspaces/AI/ai-agent/gemini-cli/packages/core/src/tools/shell.ts", "TypeScript", 444, 0, 0, 0, 22, 50, 516
"/Users/neilluo/workspaces/AI/ai-agent/gemini-cli/packages/core/src/tools/smart-edit.test.ts", "TypeScript", 651, 0, 0, 0, 17, 89, 757
"/Users/neilluo/workspaces/AI/ai-agent/gemini-cli/packages/core/src/tools/smart-edit.ts", "TypeScript", 809, 0, 0, 0, 96, 105, 1010
"/Users/neilluo/workspaces/AI/ai-agent/gemini-cli/packages/core/src/tools/tool-error.ts", "TypeScript", 43, 0, 0, 0, 41, 17, 101
"/Users/neilluo/workspaces/AI/ai-agent/gemini-cli/packages/core/src/tools/tool-names.ts", "TypeScript", 12, 0, 0, 0, 8, 3, 23
"/Users/neilluo/workspaces/AI/ai-agent/gemini-cli/packages/core/src/tools/tool-registry.test.ts", "TypeScript", 448, 0, 0, 0, 24, 71, 543
"/Users/neilluo/workspaces/AI/ai-agent/gemini-cli/packages/core/src/tools/tool-registry.ts", "TypeScript", 410, 0, 0, 0, 71, 54, 535
"/Users/neilluo/workspaces/AI/ai-agent/gemini-cli/packages/core/src/tools/tools.test.ts", "TypeScript", 198, 0, 0, 0, 5, 28, 231
"/Users/neilluo/workspaces/AI/ai-agent/gemini-cli/packages/core/src/tools/tools.ts", "TypeScript", 484, 0, 0, 0, 157, 80, 721
"/Users/neilluo/workspaces/AI/ai-agent/gemini-cli/packages/core/src/tools/web-fetch.test.ts", "TypeScript", 500, 0, 0, 0, 11, 78, 589
"/Users/neilluo/workspaces/AI/ai-agent/gemini-cli/packages/core/src/tools/web-fetch.ts", "TypeScript", 378, 0, 0, 0, 32, 54, 464
"/Users/neilluo/workspaces/AI/ai-agent/gemini-cli/packages/core/src/tools/web-search.test.ts", "TypeScript", 219, 0, 0, 0, 8, 31, 258
"/Users/neilluo/workspaces/AI/ai-agent/gemini-cli/packages/core/src/tools/web-search.ts", "TypeScript", 192, 0, 0, 0, 26, 28, 246
"/Users/neilluo/workspaces/AI/ai-agent/gemini-cli/packages/core/src/tools/write-file.test.ts", "TypeScript", 760, 0, 0, 0, 29, 108, 897
"/Users/neilluo/workspaces/AI/ai-agent/gemini-cli/packages/core/src/tools/write-file.ts", "TypeScript", 428, 0, 0, 0, 42, 52, 522
"/Users/neilluo/workspaces/AI/ai-agent/gemini-cli/packages/core/src/tools/write-todos.test.ts", "TypeScript", 93, 0, 0, 0, 5, 12, 110
"/Users/neilluo/workspaces/AI/ai-agent/gemini-cli/packages/core/src/tools/write-todos.ts", "TypeScript", 218, 0, 0, 0, 9, 36, 263
"/Users/neilluo/workspaces/AI/ai-agent/gemini-cli/packages/core/src/utils/LruCache.ts", "TypeScript", 30, 0, 0, 0, 6, 6, 42
"/Users/neilluo/workspaces/AI/ai-agent/gemini-cli/packages/core/src/utils/__fixtures__/dummy.wasm", "WebAssembly Text Format", 0, 0, 1, 0, 0, 1, 2
"/Users/neilluo/workspaces/AI/ai-agent/gemini-cli/packages/core/src/utils/bfsFileSearch.test.ts", "TypeScript", 192, 0, 0, 0, 11, 30, 233
"/Users/neilluo/workspaces/AI/ai-agent/gemini-cli/packages/core/src/utils/bfsFileSearch.ts", "TypeScript", 99, 0, 0, 0, 20, 16, 135
"/Users/neilluo/workspaces/AI/ai-agent/gemini-cli/packages/core/src/utils/browser.ts", "TypeScript", 25, 0, 0, 0, 26, 6, 57
"/Users/neilluo/workspaces/AI/ai-agent/gemini-cli/packages/core/src/utils/channel.test.ts", "TypeScript", 183, 0, 0, 0, 5, 30, 218
"/Users/neilluo/workspaces/AI/ai-agent/gemini-cli/packages/core/src/utils/channel.ts", "TypeScript", 36, 0, 0, 0, 9, 11, 56
"/Users/neilluo/workspaces/AI/ai-agent/gemini-cli/packages/core/src/utils/customHeaderUtils.test.ts", "TypeScript", 73, 0, 0, 0, 5, 14, 92
"/Users/neilluo/workspaces/AI/ai-agent/gemini-cli/packages/core/src/utils/customHeaderUtils.ts", "TypeScript", 25, 0, 0, 0, 10, 7, 42
"/Users/neilluo/workspaces/AI/ai-agent/gemini-cli/packages/core/src/utils/debugLogger.test.ts", "TypeScript", 63, 0, 0, 0, 5, 15, 83
"/Users/neilluo/workspaces/AI/ai-agent/gemini-cli/packages/core/src/utils/debugLogger.ts", "TypeScript", 40, 0, 0, 0, 19, 10, 69
"/Users/neilluo/workspaces/AI/ai-agent/gemini-cli/packages/core/src/utils/delay.test.ts", "TypeScript", 84, 0, 0, 0, 6, 23, 113
"/Users/neilluo/workspaces/AI/ai-agent/gemini-cli/packages/core/src/utils/delay.ts", "TypeScript", 25, 0, 0, 0, 17, 7, 49
"/Users/neilluo/workspaces/AI/ai-agent/gemini-cli/packages/core/src/utils/editCorrector.test.ts", "TypeScript", 685, 0, 0, 0, 14, 45, 744
"/Users/neilluo/workspaces/AI/ai-agent/gemini-cli/packages/core/src/utils/editCorrector.ts", "TypeScript", 590, 0, 0, 0, 85, 90, 765
"/Users/neilluo/workspaces/AI/ai-agent/gemini-cli/packages/core/src/utils/editor.test.ts", "TypeScript", 447, 0, 0, 0, 11, 55, 513
"/Users/neilluo/workspaces/AI/ai-agent/gemini-cli/packages/core/src/utils/editor.ts", "TypeScript", 191, 0, 0, 0, 27, 24, 242
"/Users/neilluo/workspaces/AI/ai-agent/gemini-cli/packages/core/src/utils/environmentContext.test.ts", "TypeScript", 139, 0, 0, 0, 5, 29, 173
"/Users/neilluo/workspaces/AI/ai-agent/gemini-cli/packages/core/src/utils/environmentContext.ts", "TypeScript", 66, 0, 0, 0, 17, 17, 100
"/Users/neilluo/workspaces/AI/ai-agent/gemini-cli/packages/core/src/utils/errorParsing.test.ts", "TypeScript", 98, 0, 0, 0, 5, 15, 118
"/Users/neilluo/workspaces/AI/ai-agent/gemini-cli/packages/core/src/utils/errorParsing.ts", "TypeScript", 68, 0, 0, 0, 9, 9, 86
"/Users/neilluo/workspaces/AI/ai-agent/gemini-cli/packages/core/src/utils/errorReporting.test.ts", "TypeScript", 144, 0, 0, 0, 14, 36, 194
"/Users/neilluo/workspaces/AI/ai-agent/gemini-cli/packages/core/src/utils/errorReporting.ts", "TypeScript", 91, 0, 0, 0, 19, 9, 119
"/Users/neilluo/workspaces/AI/ai-agent/gemini-cli/packages/core/src/utils/errors.test.ts", "TypeScript", 155, 0, 0, 0, 5, 18, 178
"/Users/neilluo/workspaces/AI/ai-agent/gemini-cli/packages/core/src/utils/errors.ts", "TypeScript", 126, 0, 0, 0, 21, 16, 163
"/Users/neilluo/workspaces/AI/ai-agent/gemini-cli/packages/core/src/utils/events.test.ts", "TypeScript", 193, 0, 0, 0, 24, 61, 278
"/Users/neilluo/workspaces/AI/ai-agent/gemini-cli/packages/core/src/utils/events.ts", "TypeScript", 117, 0, 0, 0, 66, 22, 205
"/Users/neilluo/workspaces/AI/ai-agent/gemini-cli/packages/core/src/utils/exitCodes.ts", "TypeScript", 7, 0, 0, 0, 5, 2, 14
"/Users/neilluo/workspaces/AI/ai-agent/gemini-cli/packages/core/src/utils/extensionLoader.test.ts", "TypeScript", 171, 0, 0, 0, 6, 19, 196
"/Users/neilluo/workspaces/AI/ai-agent/gemini-cli/packages/core/src/utils/extensionLoader.ts", "TypeScript", 157, 0, 0, 0, 73, 27, 257
"/Users/neilluo/workspaces/AI/ai-agent/gemini-cli/packages/core/src/utils/fetch.ts", "TypeScript", 51, 0, 0, 0, 5, 8, 64
"/Users/neilluo/workspaces/AI/ai-agent/gemini-cli/packages/core/src/utils/fileUtils.test.ts", "TypeScript", 847, 0, 0, 0, 22, 131, 1000
"/Users/neilluo/workspaces/AI/ai-agent/gemini-cli/packages/core/src/utils/fileUtils.ts", "TypeScript", 393, 0, 0, 0, 82, 43, 518
"/Users/neilluo/workspaces/AI/ai-agent/gemini-cli/packages/core/src/utils/filesearch/crawlCache.test.ts", "TypeScript", 86, 0, 0, 0, 16, 22, 124
"/Users/neilluo/workspaces/AI/ai-agent/gemini-cli/packages/core/src/utils/filesearch/crawlCache.ts", "TypeScript", 35, 0, 0, 0, 25, 10, 70
"/Users/neilluo/workspaces/AI/ai-agent/gemini-cli/packages/core/src/utils/filesearch/crawler.test.ts", "TypeScript", 493, 0, 0, 0, 14, 68, 575
"/Users/neilluo/workspaces/AI/ai-agent/gemini-cli/packages/core/src/utils/filesearch/crawler.ts", "TypeScript", 61, 0, 0, 0, 11, 14, 86
"/Users/neilluo/workspaces/AI/ai-agent/gemini-cli/packages/core/src/utils/filesearch/fileSearch.test.ts", "TypeScript", 633, 0, 0, 0, 22, 115, 770
"/Users/neilluo/workspaces/AI/ai-agent/gemini-cli/packages/core/src/utils/filesearch/fileSearch.ts", "TypeScript", 197, 0, 0, 0, 19, 33, 249
"/Users/neilluo/workspaces/AI/ai-agent/gemini-cli/packages/core/src/utils/filesearch/ignore.test.ts", "TypeScript", 136, 0, 0, 0, 7, 18, 161
"/Users/neilluo/workspaces/AI/ai-agent/gemini-cli/packages/core/src/utils/filesearch/ignore.ts", "TypeScript", 73, 0, 0, 0, 40, 19, 132
"/Users/neilluo/workspaces/AI/ai-agent/gemini-cli/packages/core/src/utils/filesearch/result-cache.test.ts", "TypeScript", 37, 0, 0, 0, 10, 9, 56
"/Users/neilluo/workspaces/AI/ai-agent/gemini-cli/packages/core/src/utils/filesearch/result-cache.ts", "TypeScript", 31, 0, 0, 0, 27, 10, 68
"/Users/neilluo/workspaces/AI/ai-agent/gemini-cli/packages/core/src/utils/flashFallback.test.ts", "TypeScript", 104, 0, 0, 0, 19, 23, 146
"/Users/neilluo/workspaces/AI/ai-agent/gemini-cli/packages/core/src/utils/formatters.test.ts", "TypeScript", 20, 0, 0, 0, 5, 7, 32
"/Users/neilluo/workspaces/AI/ai-agent/gemini-cli/packages/core/src/utils/formatters.ts", "TypeScript", 11, 0, 0, 0, 5, 3, 19
"/Users/neilluo/workspaces/AI/ai-agent/gemini-cli/packages/core/src/utils/geminiIgnoreParser.test.ts", "TypeScript", 57, 0, 0, 0, 5, 9, 71
"/Users/neilluo/workspaces/AI/ai-agent/gemini-cli/packages/core/src/utils/geminiIgnoreParser.ts", "TypeScript", 58, 0, 0, 0, 7, 17, 82
"/Users/neilluo/workspaces/AI/ai-agent/gemini-cli/packages/core/src/utils/generateContentResponseUtilities.test.ts", "TypeScript", 267, 0, 0, 0, 5, 12, 284
"/Users/neilluo/workspaces/AI/ai-agent/gemini-cli/packages/core/src/utils/generateContentResponseUtilities.ts", "TypeScript", 91, 0, 0, 0, 5, 12, 108
"/Users/neilluo/workspaces/AI/ai-agent/gemini-cli/packages/core/src/utils/getFolderStructure.test.ts", "TypeScript", 288, 0, 0, 0, 6, 48, 342
"/Users/neilluo/workspaces/AI/ai-agent/gemini-cli/packages/core/src/utils/getFolderStructure.ts", "TypeScript", 250, 0, 0, 0, 61, 38, 349
"/Users/neilluo/workspaces/AI/ai-agent/gemini-cli/packages/core/src/utils/getPty.ts", "TypeScript", 25, 0, 0, 0, 6, 4, 35
"/Users/neilluo/workspaces/AI/ai-agent/gemini-cli/packages/core/src/utils/gitIgnoreParser.test.ts", "TypeScript", 82, 0, 0, 0, 211, 19, 312
"/Users/neilluo/workspaces/AI/ai-agent/gemini-cli/packages/core/src/utils/gitIgnoreParser.ts", "TypeScript", 156, 0, 0, 0, 26, 35, 217
"/Users/neilluo/workspaces/AI/ai-agent/gemini-cli/packages/core/src/utils/gitUtils.ts", "TypeScript", 40, 0, 0, 0, 18, 16, 74
"/Users/neilluo/workspaces/AI/ai-agent/gemini-cli/packages/core/src/utils/googleErrors.test.ts", "TypeScript", 321, 0, 0, 0, 6, 30, 357
"/Users/neilluo/workspaces/AI/ai-agent/gemini-cli/packages/core/src/utils/googleErrors.ts", "TypeScript", 233, 0, 0, 0, 34, 39, 306
"/Users/neilluo/workspaces/AI/ai-agent/gemini-cli/packages/core/src/utils/googleQuotaErrors.test.ts", "TypeScript", 318, 0, 0, 0, 5, 22, 345
"/Users/neilluo/workspaces/AI/ai-agent/gemini-cli/packages/core/src/utils/googleQuotaErrors.ts", "TypeScript", 173, 0, 0, 0, 37, 21, 231
"/Users/neilluo/workspaces/AI/ai-agent/gemini-cli/packages/core/src/utils/httpErrors.ts", "TypeScript", 31, 0, 0, 0, 11, 4, 46
"/Users/neilluo/workspaces/AI/ai-agent/gemini-cli/packages/core/src/utils/ignorePatterns.test.ts", "TypeScript", 234, 0, 0, 0, 18, 57, 309
"/Users/neilluo/workspaces/AI/ai-agent/gemini-cli/packages/core/src/utils/ignorePatterns.ts", "TypeScript", 154, 0, 0, 0, 93, 30, 277
"/Users/neilluo/workspaces/AI/ai-agent/gemini-cli/packages/core/src/utils/installationManager.test.ts", "TypeScript", 83, 0, 0, 0, 5, 18, 106
"/Users/neilluo/workspaces/AI/ai-agent/gemini-cli/packages/core/src/utils/installationManager.ts", "TypeScript", 42, 0, 0, 0, 10, 8, 60
"/Users/neilluo/workspaces/AI/ai-agent/gemini-cli/packages/core/src/utils/language-detection.ts", "TypeScript", 95, 0, 0, 0, 5, 4, 104
"/Users/neilluo/workspaces/AI/ai-agent/gemini-cli/packages/core/src/utils/llm-edit-fixer.test.ts", "TypeScript", 295, 0, 0, 0, 36, 51, 382
"/Users/neilluo/workspaces/AI/ai-agent/gemini-cli/packages/core/src/utils/llm-edit-fixer.ts", "TypeScript", 153, 0, 0, 0, 22, 23, 198
"/Users/neilluo/workspaces/AI/ai-agent/gemini-cli/packages/core/src/utils/memoryDiscovery.test.ts", "TypeScript", 819, 0, 0, 0, 34, 124, 977
"/Users/neilluo/workspaces/AI/ai-agent/gemini-cli/packages/core/src/utils/memoryDiscovery.ts", "TypeScript", 521, 0, 0, 0, 55, 72, 648
"/Users/neilluo/workspaces/AI/ai-agent/gemini-cli/packages/core/src/utils/memoryImportProcessor.test.ts", "TypeScript", 657, 0, 0, 0, 77, 138, 872
"/Users/neilluo/workspaces/AI/ai-agent/gemini-cli/packages/core/src/utils/memoryImportProcessor.ts", "TypeScript", 298, 0, 0, 0, 68, 48, 414
"/Users/neilluo/workspaces/AI/ai-agent/gemini-cli/packages/core/src/utils/messageInspectors.ts", "TypeScript", 15, 0, 0, 0, 5, 4, 24
"/Users/neilluo/workspaces/AI/ai-agent/gemini-cli/packages/core/src/utils/nextSpeakerChecker.test.ts", "TypeScript", 244, 0, 0, 0, 9, 31, 284
"/Users/neilluo/workspaces/AI/ai-agent/gemini-cli/packages/core/src/utils/nextSpeakerChecker.ts", "TypeScript", 102, 0, 0, 0, 19, 15, 136
"/Users/neilluo/workspaces/AI/ai-agent/gemini-cli/packages/core/src/utils/package.ts", "TypeScript", 18, 0, 0, 0, 19, 5, 42
"/Users/neilluo/workspaces/AI/ai-agent/gemini-cli/packages/core/src/utils/partUtils.test.ts", "TypeScript", 249, 0, 0, 0, 11, 42, 302
"/Users/neilluo/workspaces/AI/ai-agent/gemini-cli/packages/core/src/utils/partUtils.ts", "TypeScript", 122, 0, 0, 0, 31, 17, 170
"/Users/neilluo/workspaces/AI/ai-agent/gemini-cli/packages/core/src/utils/pathCorrector.test.ts", "TypeScript", 81, 0, 0, 0, 5, 16, 102
"/Users/neilluo/workspaces/AI/ai-agent/gemini-cli/packages/core/src/utils/pathCorrector.ts", "TypeScript", 40, 0, 0, 0, 15, 9, 64
"/Users/neilluo/workspaces/AI/ai-agent/gemini-cli/packages/core/src/utils/pathReader.test.ts", "TypeScript", 405, 0, 0, 0, 24, 31, 460
"/Users/neilluo/workspaces/AI/ai-agent/gemini-cli/packages/core/src/utils/pathReader.ts", "TypeScript", 87, 0, 0, 0, 20, 12, 119
"/Users/neilluo/workspaces/AI/ai-agent/gemini-cli/packages/core/src/utils/paths.test.ts", "TypeScript", 391, 0, 0, 0, 11, 73, 475
"/Users/neilluo/workspaces/AI/ai-agent/gemini-cli/packages/core/src/utils/paths.ts", "TypeScript", 218, 0, 0, 0, 58, 49, 325
"/Users/neilluo/workspaces/AI/ai-agent/gemini-cli/packages/core/src/utils/promptIdContext.ts", "TypeScript", 2, 0, 0, 0, 5, 3, 10
"/Users/neilluo/workspaces/AI/ai-agent/gemini-cli/packages/core/src/utils/quotaErrorDetection.ts", "TypeScript", 26, 0, 0, 0, 5, 5, 36
"/Users/neilluo/workspaces/AI/ai-agent/gemini-cli/packages/core/src/utils/retry.test.ts", "TypeScript", 438, 0, 0, 0, 37, 95, 570
"/Users/neilluo/workspaces/AI/ai-agent/gemini-cli/packages/core/src/utils/retry.ts", "TypeScript", 243, 0, 0, 0, 34, 35, 312
"/Users/neilluo/workspaces/AI/ai-agent/gemini-cli/packages/core/src/utils/safeJsonStringify.test.ts", "TypeScript", 51, 0, 0, 0, 9, 14, 74
"/Users/neilluo/workspaces/AI/ai-agent/gemini-cli/packages/core/src/utils/safeJsonStringify.ts", "TypeScript", 43, 0, 0, 0, 20, 6, 69
"/Users/neilluo/workspaces/AI/ai-agent/gemini-cli/packages/core/src/utils/schemaValidator.test.ts", "TypeScript", 107, 0, 0, 0, 9, 10, 126
"/Users/neilluo/workspaces/AI/ai-agent/gemini-cli/packages/core/src/utils/schemaValidator.ts", "TypeScript", 26, 0, 0, 0, 22, 3, 51
"/Users/neilluo/workspaces/AI/ai-agent/gemini-cli/packages/core/src/utils/secure-browser-launcher.test.ts", "TypeScript", 197, 0, 0, 0, 13, 33, 243
"/Users/neilluo/workspaces/AI/ai-agent/gemini-cli/packages/core/src/utils/secure-browser-launcher.ts", "TypeScript", 114, 0, 0, 0, 55, 23, 192
"/Users/neilluo/workspaces/AI/ai-agent/gemini-cli/packages/core/src/utils/session.ts", "TypeScript", 2, 0, 0, 0, 5, 3, 10
"/Users/neilluo/workspaces/AI/ai-agent/gemini-cli/packages/core/src/utils/shell-utils.test.ts", "TypeScript", 652, 0, 0, 0, 5, 92, 749
"/Users/neilluo/workspaces/AI/ai-agent/gemini-cli/packages/core/src/utils/shell-utils.ts", "TypeScript", 631, 0, 0, 0, 124, 97, 852
"/Users/neilluo/workspaces/AI/ai-agent/gemini-cli/packages/core/src/utils/stdio.test.ts", "TypeScript", 48, 0, 0, 0, 6, 15, 69
"/Users/neilluo/workspaces/AI/ai-agent/gemini-cli/packages/core/src/utils/stdio.ts", "TypeScript", 80, 0, 0, 0, 22, 12, 114
"/Users/neilluo/workspaces/AI/ai-agent/gemini-cli/packages/core/src/utils/summarizer.test.ts", "TypeScript", 206, 0, 0, 0, 6, 31, 243
"/Users/neilluo/workspaces/AI/ai-agent/gemini-cli/packages/core/src/utils/summarizer.ts", "TypeScript", 71, 0, 0, 0, 21, 12, 104
"/Users/neilluo/workspaces/AI/ai-agent/gemini-cli/packages/core/src/utils/systemEncoding.test.ts", "TypeScript", 370, 0, 0, 0, 25, 103, 498
"/Users/neilluo/workspaces/AI/ai-agent/gemini-cli/packages/core/src/utils/systemEncoding.ts", "TypeScript", 101, 0, 0, 0, 49, 18, 168
"/Users/neilluo/workspaces/AI/ai-agent/gemini-cli/packages/core/src/utils/terminal.ts", "TypeScript", 31, 0, 0, 0, 9, 11, 51
"/Users/neilluo/workspaces/AI/ai-agent/gemini-cli/packages/core/src/utils/terminalSerializer.test.ts", "TypeScript", 187, 0, 0, 0, 9, 22, 218
"/Users/neilluo/workspaces/AI/ai-agent/gemini-cli/packages/core/src/utils/terminalSerializer.ts", "TypeScript", 443, 0, 0, 0, 6, 28, 477
"/Users/neilluo/workspaces/AI/ai-agent/gemini-cli/packages/core/src/utils/testUtils.ts", "TypeScript", 46, 0, 0, 0, 29, 13, 88
"/Users/neilluo/workspaces/AI/ai-agent/gemini-cli/packages/core/src/utils/textUtils.test.ts", "TypeScript", 61, 0, 0, 0, 5, 14, 80
"/Users/neilluo/workspaces/AI/ai-agent/gemini-cli/packages/core/src/utils/textUtils.ts", "TypeScript", 29, 0, 0, 0, 19, 8, 56
"/Users/neilluo/workspaces/AI/ai-agent/gemini-cli/packages/core/src/utils/thoughtUtils.test.ts", "TypeScript", 73, 0, 0, 0, 5, 3, 81
"/Users/neilluo/workspaces/AI/ai-agent/gemini-cli/packages/core/src/utils/thoughtUtils.ts", "TypeScript", 27, 0, 0, 0, 20, 8, 55
"/Users/neilluo/workspaces/AI/ai-agent/gemini-cli/packages/core/src/utils/tokenCalculation.test.ts", "TypeScript", 91, 0, 0, 0, 17, 23, 131
"/Users/neilluo/workspaces/AI/ai-agent/gemini-cli/packages/core/src/utils/tokenCalculation.ts", "TypeScript", 48, 0, 0, 0, 24, 8, 80
"/Users/neilluo/workspaces/AI/ai-agent/gemini-cli/packages/core/src/utils/tool-utils.test.ts", "TypeScript", 88, 0, 0, 0, 5, 11, 104
"/Users/neilluo/workspaces/AI/ai-agent/gemini-cli/packages/core/src/utils/tool-utils.ts", "TypeScript", 50, 0, 0, 0, 19, 12, 81
"/Users/neilluo/workspaces/AI/ai-agent/gemini-cli/packages/core/src/utils/userAccountManager.test.ts", "TypeScript", 288, 0, 0, 0, 6, 49, 343
"/Users/neilluo/workspaces/AI/ai-agent/gemini-cli/packages/core/src/utils/userAccountManager.ts", "TypeScript", 112, 0, 0, 0, 12, 21, 145
"/Users/neilluo/workspaces/AI/ai-agent/gemini-cli/packages/core/src/utils/workspaceContext.test.ts", "TypeScript", 321, 0, 0, 0, 10, 96, 427
"/Users/neilluo/workspaces/AI/ai-agent/gemini-cli/packages/core/src/utils/workspaceContext.ts", "TypeScript", 127, 0, 0, 0, 53, 20, 200
"/Users/neilluo/workspaces/AI/ai-agent/gemini-cli/packages/core/test-setup.ts", "TypeScript", 5, 0, 0, 0, 7, 4, 16
"/Users/neilluo/workspaces/AI/ai-agent/gemini-cli/packages/core/tsconfig.json", "JSON with Comments", 0, 0, 0, 11, 0, 1, 12
"/Users/neilluo/workspaces/AI/ai-agent/gemini-cli/packages/core/vitest.config.ts", "TypeScript", 32, 0, 0, 0, 5, 3, 40
"Total", "-", 111665, 318, 1, 11, 11746, 16626, 140367